pm2_5,month,weekday,wind-east,wind-north,temperature,pressure,humidity,target
32.48833333333334,1.0,4.0,0.0821554166666666,-1.4319968333333335,-0.125,997.9666666666668,92.16666666666669,52.236250000000005
52.236250000000005,1.0,5.0,1.3647170416666663,-0.7049860416666666,0.65,1003.8,94.79166666666669,23.77208333333333
23.77208333333333,1.0,6.0,3.3159335416666664,1.6217859166666668,1.4875,1003.95,95.83333333333331,34.7025
34.7025,1.0,0.0,3.1458080416666667,1.1461045,2.8000000000000003,1003.9166666666666,95.95833333333331,22.85166666666667
22.85166666666667,1.0,1.0,3.702930875,2.338862625,3.0875,998.7791666666668,96.5,17.30666666666667
17.30666666666667,1.0,2.0,2.1324467083333336,-0.7317275416666668,1.6916666666666669,998.5666666666666,95.25,12.775416666666668
12.775416666666668,1.0,3.0,-1.2346954166666666,-1.279735125,1.025,996.8916666666668,93.91666666666669,10.957083333333332
10.957083333333332,1.0,4.0,-1.5019787916666667,-0.9512055416666666,0.5958333333333333,1000.1333333333332,88.91666666666667,8.633750000000001
8.633750000000001,1.0,5.0,-3.5049281666666663,-0.6561259166666666,-0.2583333333333333,1004.0625,94.54166666666669,19.95130434782609
19.95130434782609,1.0,6.0,-2.48408925,-0.473349875,-0.0041666666666666,1009.4833333333332,96.29166666666669,24.460416666666664
24.460416666666664,1.0,0.0,0.144587125,-2.089100166666667,-0.4041666666666667,1007.3375,82.29166666666667,14.920416666666666
14.920416666666666,1.0,1.0,0.8631887916666666,-2.9610224166666668,-1.2416666666666667,993.9958333333334,81.0,23.464166666666667
23.464166666666667,1.0,2.0,-3.0019167916666665,-0.4798952083333334,-0.3708333333333333,991.2875,93.20833333333331,25.081666666666667
25.081666666666667,1.0,3.0,-1.3325871666666669,3.3836605,-2.066666666666667,995.6541666666668,88.875,19.977083333333333
19.977083333333333,1.0,4.0,-2.873792875,1.6057960833333331,-7.091666666666666,1004.1291666666666,81.58333333333333,25.68166666666667
25.68166666666667,1.0,5.0,-2.9270326250000003,1.32796625,-7.425,1001.8,87.41666666666667,38.08125
38.08125,1.0,6.0,-0.91622775,1.9659748333333331,-13.570833333333333,1007.0625,81.20833333333333,105.975
105.975,1.0,0.0,-0.3424862499999999,-0.4877278333333333,-16.525000000000002,1009.0916666666668,85.5,99.20541666666666
99.20541666666666,1.0,1.0,2.92939575,-1.6395200833333332,-8.854166666666666,1001.1125,90.25,41.12291666666667
41.12291666666667,1.0,2.0,1.3508077916666668,-1.997237375,0.7708333333333334,995.2291666666666,94.66666666666669,33.95666666666667
33.95666666666667,1.0,3.0,1.5635830416666667,-1.8400520416666664,2.2625,993.0208333333334,83.20833333333333,30.407916666666665
30.407916666666665,1.0,4.0,1.5770541666666666,-1.8201485833333333,3.820833333333333,987.2083333333334,83.95833333333333,28.155
28.155,1.0,5.0,2.221457791666667,-1.541984875,3.8625,985.325,92.375,22.532083333333333
22.532083333333333,1.0,6.0,-0.8317163333333334,0.0194161666666666,1.2583333333333333,983.4416666666666,93.83333333333331,21.46083333333333
21.46083333333333,1.0,0.0,-2.8928875416666666,0.7210690833333334,0.4166666666666667,986.7375,92.5,18.67708333333333
18.67708333333333,1.0,1.0,-6.274227375,-0.50533275,0.4624999999999999,992.7166666666668,85.45833333333333,15.577916666666669
15.577916666666669,1.0,2.0,-4.542287541666666,0.0490094583333333,0.3041666666666666,996.95,80.5,28.085
28.085,1.0,3.0,-0.936214,-1.42745775,-0.0208333333333333,991.2416666666668,80.875,17.442083333333333
17.442083333333333,1.0,4.0,-3.6039074583333335,-0.8501212916666666,-1.8708333333333331,984.8958333333334,81.33333333333333,27.78458333333333
27.78458333333333,1.0,5.0,-2.3090484583333333,0.0364619999999999,-2.766666666666667,985.2375,93.25,24.47375
24.47375,1.0,6.0,-1.9499960416666664,-0.8976531666666667,-5.858333333333333,993.1958333333332,81.75,37.51
37.51,2.0,0.0,2.7744658333333336,-0.7882067500000001,-7.6875,994.2208333333332,83.95833333333333,43.977916666666665
43.977916666666665,2.0,1.0,1.8049527083333332,-2.1919307916666666,-1.175,993.0041666666666,86.875,33.98458333333333
33.98458333333333,2.0,2.0,1.3930239999999998,-1.1705345416666666,2.6041666666666665,990.0166666666668,99.20833333333331,14.871666666666668
14.871666666666668,2.0,3.0,-2.665765875,2.7583535416666667,0.0583333333333333,994.6833333333334,87.04166666666667,15.4935
15.4935,2.0,4.0,-0.739061125,0.7191582916666667,-3.8958333333333335,1008.6583333333332,79.70833333333333,13.65125
13.65125,2.0,5.0,1.6865756666666665,2.5319955833333334,-7.274999999999999,1009.2625,74.58333333333333,14.551666666666668
14.551666666666668,2.0,6.0,5.769754666666667,2.4178373333333334,-10.779166666666669,1005.6,70.20833333333333,11.6675
11.6675,2.0,0.0,5.808428791666667,2.47162025,-9.545833333333333,992.2166666666668,83.16666666666667,9.818333333333332
9.818333333333332,2.0,1.0,-0.3960270833333333,-0.1761346666666666,-7.395833333333333,991.9,84.75,17.74833333333333
17.74833333333333,2.0,2.0,-0.9657491666666668,0.4165931249999999,-7.566666666666666,996.3833333333332,85.75,34.93208333333333
34.93208333333333,2.0,3.0,-3.1196992916666666,3.714449708333333,-11.55,1006.7041666666668,80.91666666666667,6.607916666666667
6.607916666666667,2.0,4.0,-3.5362207916666666,3.2427177083333336,-11.079166666666666,1015.2208333333332,73.375,19.92125
19.92125,2.0,5.0,-4.769673916666666,1.2054287916666666,-5.2375,1017.4166666666666,81.70833333333333,15.53125
15.53125,2.0,6.0,-5.498920083333334,-0.5255055000000001,-3.5500000000000003,1019.6708333333332,78.375,27.58083333333333
27.58083333333333,2.0,0.0,-3.1645474166666667,-0.5428250416666667,-4.8375,1020.2833333333332,90.375,34.33416666666667
34.33416666666667,2.0,1.0,1.9766284166666663,-2.0255637083333333,-3.941666666666667,1010.4625,76.95833333333333,69.91958333333334
69.91958333333334,2.0,2.0,2.418399791666667,0.2816652083333333,-1.55,1002.1208333333334,94.04166666666669,42.220416666666665
42.220416666666665,2.0,3.0,3.636425458333333,-0.5892877916666667,-6.7250000000000005,1010.325,81.25,48.83916666666666
48.83916666666666,2.0,4.0,1.2871785833333331,-1.8694485416666664,-3.6125,1006.8083333333334,89.95833333333333,41.08916666666666
41.08916666666666,2.0,5.0,0.2048245833333333,-1.2148249166666667,2.966666666666667,1011.9625,91.45833333333331,42.76791666666667
42.76791666666667,2.0,6.0,1.1432782916666666,-1.6451659583333331,2.966666666666667,1011.575,81.70833333333333,50.61208333333334
50.61208333333334,2.0,0.0,1.1704637083333334,-1.3293059166666663,3.6375,1012.5875,79.83333333333333,67.53291666666667
67.53291666666667,2.0,1.0,-1.0458017083333333,-0.4754008333333333,3.35,1018.3041666666668,87.875,53.66958333333333
53.66958333333333,2.0,2.0,-0.9112594166666668,-0.6386782916666667,7.925,1019.3,81.58333333333333,55.95458333333334
55.95458333333334,2.0,3.0,-0.0604251666666666,-0.8215105,8.058333333333334,1015.0041666666666,78.0,35.62833333333334
35.62833333333334,2.0,4.0,-3.8878874166666666,-0.3832013333333333,6.7250000000000005,1011.3333333333334,84.95833333333333,10.555833333333334
10.555833333333334,2.0,5.0,-5.433035958333334,1.4425286666666668,4.6000000000000005,1015.7916666666666,77.29166666666667,24.15375
24.15375,2.0,6.0,-4.450996166666667,-0.1290880416666666,1.9708333333333328,1018.1708333333332,92.70833333333331,41.562916666666666
41.562916666666666,3.0,0.0,-3.387731666666667,0.2591411666666667,2.7541666666666664,1021.0875,92.375,45.21958333333333
45.21958333333333,3.0,1.0,-4.4837084166666665,0.2260051666666666,3.6791666666666663,1019.0791666666668,87.91666666666667,42.535833333333336
42.535833333333336,3.0,2.0,1.060669291666667,-0.9493070833333332,0.9583333333333334,1014.0708333333332,94.625,10.082608695652176
10.082608695652176,3.0,3.0,-3.95383575,0.6987066666666667,3.341666666666667,1001.075,82.58333333333333,8.098333333333333
8.098333333333333,3.0,4.0,-2.500534833333333,2.76283225,-0.1041666666666666,1007.1083333333332,75.20833333333333,13.755833333333332
13.755833333333332,3.0,5.0,-3.5504595416666667,-0.8706026250000001,0.4624999999999999,1013.65,68.79166666666667,12.693333333333332
12.693333333333332,3.0,6.0,-6.703048666666667,-1.4767495000000002,2.145833333333333,1003.2458333333334,71.79166666666667,9.88
9.88,3.0,0.0,-3.9516611666666654,1.4702985416666667,-1.1083333333333332,1005.4208333333332,79.66666666666667,13.242083333333332
13.242083333333332,3.0,1.0,-0.7141432083333333,0.3437159166666666,-1.9833333333333332,1009.1791666666668,63.0,17.670833333333334
17.670833333333334,3.0,2.0,1.022989666666667,-1.283322291666667,-1.3541666666666667,1008.6833333333334,60.29166666666666,20.194166666666664
20.194166666666664,3.0,3.0,2.6157958333333333,-2.977423875,-0.5791666666666666,998.5166666666668,72.20833333333333,11.05125
11.05125,3.0,4.0,-2.2955102083333334,-1.5260887916666668,4.8625,990.75,84.20833333333333,14.635416666666666
14.635416666666666,3.0,5.0,-0.4495394166666666,-2.764731208333333,5.895833333333333,990.0291666666668,70.83333333333333,9.13125
9.13125,3.0,6.0,-3.19261475,-1.998674375,5.858333333333333,989.0875,71.91666666666667,26.89833333333333
26.89833333333333,3.0,0.0,-0.801950625,-0.530546125,2.779166666666667,995.0916666666668,83.29166666666667,36.38291666666667
36.38291666666667,3.0,1.0,-0.5247231250000001,1.617085916666667,3.4458333333333333,998.4208333333332,80.875,18.33125
18.33125,3.0,2.0,-2.1402941666666666,3.7831967916666662,1.5166666666666666,1003.525,84.75,13.65
13.65,3.0,3.0,-2.9965551666666665,1.436758166666667,-0.3666666666666667,1004.95,84.83333333333333,20.475
20.475,3.0,4.0,-2.4419014166666666,1.534518541666667,-1.15,1004.3291666666668,83.625,14.69625
14.69625,3.0,5.0,-2.278418708333333,1.5091241249999998,-2.058333333333333,1009.2458333333334,63.125,22.77916666666667
22.77916666666667,3.0,6.0,-2.247151458333333,-1.238473333333333,-0.3791666666666666,997.5041666666666,81.91666666666667,13.92125
13.92125,3.0,0.0,-3.349505583333333,1.098469625,1.6,1001.25,72.0,18.65458333333333
18.65458333333333,3.0,1.0,-3.2554422916666668,1.360950916666667,5.654166666666666,1005.0916666666668,64.58333333333333,25.019166666666667
25.019166666666667,3.0,2.0,-1.7252450416666667,1.1812176666666667,5.6125,1009.4708333333332,75.70833333333333,46.55083333333334
46.55083333333334,3.0,3.0,-0.4612634583333333,-0.1332842916666667,6.458333333333333,1008.2333333333332,70.5,57.384166666666665
57.384166666666665,3.0,4.0,1.947960875,-1.433218,7.487500000000001,1009.1416666666668,63.91666666666666,34.89333333333334
34.89333333333334,3.0,5.0,0.1000118333333333,-2.1468706666666666,9.6875,1006.3916666666668,67.20833333333333,19.00565217391304
19.00565217391304,3.0,6.0,-3.4256325000000003,-0.8950865833333334,5.3625,1014.5875,70.5,27.69375
27.69375,3.0,0.0,-0.24550375,-1.400481833333333,8.020833333333334,1015.8791666666666,80.41666666666667,28.59208333333333
28.59208333333333,3.0,1.0,-1.9225522083333333,-0.4877851666666666,10.704166666666666,1015.1875,90.29166666666669,33.810833333333335
33.810833333333335,3.0,2.0,-1.4726695833333334,-0.1441535416666666,11.8125,1010.3875,77.54166666666667,28.04875
28.04875,4.0,3.0,-2.00526775,2.106318416666667,12.066666666666668,1000.6708333333332,70.29166666666667,18.401666666666667
18.401666666666667,4.0,4.0,-2.636888625,1.928591,6.129166666666666,1002.2291666666666,61.5,36.33166666666667
36.33166666666667,4.0,5.0,-1.7246441666666668,3.6625030833333336,4.395833333333333,1002.5,69.875,10.784166666666666
10.784166666666666,4.0,6.0,-2.29546575,-0.0240643333333333,3.6041666666666665,1004.9625,65.875,13.684583333333334
13.684583333333334,4.0,0.0,-2.065675833333333,-2.2414820416666665,5.233333333333333,987.7208333333332,65.58333333333333,15.670833333333334
15.670833333333334,4.0,1.0,-3.594460125,-1.1863040416666666,2.0,990.1625,67.70833333333333,17.256666666666668
17.256666666666668,4.0,2.0,-3.375658,-1.0347526666666669,0.8875000000000001,993.7458333333334,80.41666666666667,12.636666666666663
12.636666666666663,4.0,3.0,-3.422706291666667,-1.1434403333333334,3.1333333333333333,1001.9916666666668,81.91666666666667,7.1933333333333325
7.1933333333333325,4.0,4.0,-0.2818399583333333,-2.654732458333333,6.0875,1006.2,57.958333333333336,15.594166666666666
15.594166666666666,4.0,5.0,0.410464125,-1.256817875,10.254166666666666,1002.8916666666668,50.91666666666666,10.189583333333331
10.189583333333331,4.0,6.0,2.305083208333333,-2.3907743333333333,13.9875,1004.075,51.41666666666666,20.842916666666667
20.842916666666667,4.0,0.0,-0.9844189166666668,-0.4516054583333333,12.529166666666669,1004.6,60.25,11.490416666666668
11.490416666666668,4.0,1.0,-3.1218335833333337,3.8207490833333337,4.15,1010.2833333333332,78.375,11.914583333333333
11.914583333333333,4.0,2.0,-3.217133666666667,3.615507208333333,2.220833333333333,1007.7541666666666,89.91666666666667,16.900000000000002
16.900000000000002,4.0,3.0,-2.574060875,2.8975080416666668,4.2625,1004.4541666666668,96.125,18.050833333333333
18.050833333333333,4.0,4.0,-2.727068375,2.45254225,5.333333333333333,1002.9041666666668,95.45833333333331,22.177916666666665
22.177916666666665,4.0,5.0,-0.7916971666666667,0.1178259166666666,6.941666666666666,1005.1541666666668,95.125,20.81958333333333
20.81958333333333,4.0,6.0,-0.1210066249999999,0.175709625,9.329166666666667,1006.6791666666668,84.125,22.37125
22.37125,4.0,0.0,2.4481714583333334,0.5358524166666666,12.091666666666669,1004.5166666666668,65.95833333333333,19.84
19.84,4.0,1.0,0.9523121666666666,0.020838625,11.35,1001.1458333333334,60.375,33.30416666666667
33.30416666666667,4.0,2.0,-3.154533291666666,-0.8403920833333333,12.304166666666667,997.6083333333332,62.125,14.210416666666667
14.210416666666667,4.0,3.0,-4.225384208333334,-0.5261585416666666,6.95,1001.3,66.45833333333333,12.453333333333331
12.453333333333331,4.0,4.0,-3.404272125,-0.2118739583333333,4.416666666666667,1006.7291666666666,78.45833333333333,11.909583333333332
11.909583333333332,4.0,5.0,-3.5735632083333333,0.2199764999999999,5.920833333333333,1007.8125,59.333333333333336,8.200000000000001
8.200000000000001,4.0,6.0,-2.7852126666666663,0.5356413333333333,5.020833333333333,1006.7666666666668,51.54166666666666,13.712083333333332
13.712083333333332,4.0,0.0,-3.4379105,0.37046275,3.5125,1005.625,63.91666666666666,20.36958333333333
20.36958333333333,4.0,1.0,-0.5467650833333333,0.3106539166666666,4.433333333333334,1004.1291666666666,57.958333333333336,22.459166666666665
22.459166666666665,4.0,2.0,2.5788677916666667,-1.47454225,8.395833333333334,1000.8666666666668,44.41666666666666,24.317916666666665
24.317916666666665,4.0,3.0,1.8853527916666664,-1.513830125,12.958333333333334,993.775,56.333333333333336,22.80625
22.80625,4.0,4.0,-4.623056958333334,-0.2534997916666666,11.6125,996.6208333333334,67.29166666666667,11.5325
11.5325,5.0,5.0,1.3585127083333333,2.121261375,7.958333333333333,1001.1625,88.25,21.477083333333336
21.477083333333336,5.0,6.0,-0.6393165833333333,0.6656786250000001,8.0625,990.7833333333332,90.41666666666669,13.765416666666669
13.765416666666669,5.0,0.0,-5.953678249999999,-0.6443089166666667,6.3875,1000.9416666666666,74.29166666666667,13.909583333333332
13.909583333333332,5.0,1.0,-0.1752467916666666,-2.1917633333333333,10.595833333333331,996.5416666666666,59.79166666666666,10.784166666666666
10.784166666666666,5.0,2.0,-1.3433103333333334,-1.6825123333333334,10.945833333333333,989.025,75.54166666666667,16.635833333333334
16.635833333333334,5.0,3.0,-3.587970958333333,-1.5472532083333332,9.1625,993.9875,57.29166666666666,16.555
16.555,5.0,4.0,-1.6776850416666669,0.7738148333333332,6.858333333333333,994.0208333333334,86.33333333333333,11.977083333333333
11.977083333333333,5.0,5.0,-3.845814583333333,-0.57889025,7.216666666666666,1004.4541666666668,72.0,6.652916666666667
6.652916666666667,5.0,6.0,2.335633833333333,-2.557601458333333,12.904166666666669,1005.6208333333334,52.79166666666666,16.773333333333333
16.773333333333333,5.0,0.0,4.006476833333333,-2.351537458333333,17.920833333333334,1002.9291666666668,48.29166666666666,8.925833333333333
8.925833333333333,5.0,1.0,5.261082333333333,-2.525900666666667,20.225,1000.2291666666666,46.54166666666666,30.55625
30.55625,5.0,2.0,6.648332375,-1.9870062083333333,19.791666666666668,995.6125,41.375,6.929166666666667
6.929166666666667,5.0,3.0,3.742388625,0.4059596666666666,15.6375,989.4916666666668,53.708333333333336,19.63083333333333
19.63083333333333,5.0,4.0,-2.518831875,-0.2473811666666666,15.891666666666666,989.45,67.83333333333333,15.020416666666668
15.020416666666668,5.0,5.0,-2.5817535416666666,-0.6707507916666667,15.108333333333334,995.2041666666668,62.625,14.570833333333333
14.570833333333333,5.0,6.0,0.85850375,-1.2584104166666668,14.258333333333333,992.6833333333334,82.125,12.751666666666669
12.751666666666669,5.0,0.0,0.4387544166666666,-0.6296005833333334,14.1125,991.6583333333332,75.54166666666667,19.06875
19.06875,5.0,1.0,-5.339122499999999,0.5013984166666666,13.041666666666666,992.2958333333332,87.58333333333333,10.605416666666668
10.605416666666668,5.0,2.0,-4.163285666666667,1.4209642916666667,11.870833333333332,997.9208333333332,82.75,12.680833333333332
12.680833333333332,5.0,3.0,-3.95380775,1.5493988749999998,12.6875,1001.2291666666666,67.75,12.714583333333332
12.714583333333332,5.0,4.0,-0.7185327916666666,-2.0058194166666667,14.929166666666667,998.1833333333334,56.5,7.151666666666666
7.151666666666666,5.0,5.0,-0.5401254999999999,-1.8291035833333331,12.25,994.7416666666668,81.79166666666667,6.970416666666666
6.970416666666666,5.0,6.0,-2.263768041666667,-1.0077496666666668,13.508333333333333,1000.425,67.33333333333333,8.43
8.43,5.0,0.0,1.579292666666667,-1.585575375,14.8875,1007.025,63.583333333333336,11.126666666666669
11.126666666666669,5.0,1.0,-0.6091062083333333,-1.5556443333333334,13.783333333333331,1000.5166666666668,81.29166666666667,8.20375
8.20375,5.0,2.0,-0.9678345416666666,-2.0290430833333333,14.1875,1002.4708333333332,58.125,11.679166666666667
11.679166666666667,5.0,3.0,-2.450717791666667,-0.73715425,14.354166666666666,1001.75,63.5,16.325833333333332
16.325833333333332,5.0,4.0,-2.797311583333333,-0.5301695,13.120833333333332,1004.5708333333332,71.04166666666667,11.040416666666667
11.040416666666667,5.0,5.0,-2.2221062916666665,2.23500225,12.779166666666669,1005.6833333333334,70.41666666666667,8.856250000000001
8.856250000000001,5.0,6.0,-1.045251,4.189225,13.504166666666668,1008.1833333333334,64.875,10.085833333333332
10.085833333333332,5.0,0.0,0.6726133333333334,2.230463708333333,13.4625,1008.1041666666666,51.458333333333336,20.021666666666665
20.021666666666665,6.0,1.0,0.0705908333333333,-0.9200799166666668,14.604166666666666,1006.0833333333334,57.375,26.465416666666663
26.465416666666663,6.0,2.0,2.181374458333333,-0.0279397083333333,15.845833333333331,1010.6208333333334,51.125,16.5275
16.5275,6.0,3.0,0.7182115833333333,0.4023634166666667,17.970833333333335,1012.5416666666666,48.375,13.960416666666667
13.960416666666667,6.0,4.0,0.6051775833333334,-0.358478,19.675,1011.2,49.54166666666666,10.480416666666668
10.480416666666668,6.0,5.0,0.8471475833333333,0.727487875,17.900000000000002,1007.3875,69.83333333333333,12.840416666666668
12.840416666666668,6.0,6.0,-1.0264490416666667,1.679649125,19.729166666666668,1006.1916666666666,57.41666666666666,17.78625
17.78625,6.0,0.0,-1.3446590416666666,2.216263,20.816666666666663,1005.9708333333332,46.083333333333336,3.5866666666666664
3.5866666666666664,6.0,1.0,-1.264848125,1.8138919583333333,21.029166666666665,1004.9791666666666,55.04166666666666,11.82875
11.82875,6.0,2.0,-2.412677,2.133103208333333,20.27083333333333,1004.975,55.125,15.052916666666668
15.052916666666668,6.0,3.0,-2.504868375,1.8270711666666664,20.133333333333333,1004.3625,53.375,12.902916666666668
12.902916666666668,6.0,4.0,-1.8454937083333331,0.759136625,18.8875,1002.55,64.45833333333333,24.530833333333334
24.530833333333334,6.0,5.0,-2.747971833333333,0.0253896666666666,17.229166666666668,998.7125,81.70833333333333,8.51
8.51,6.0,6.0,-5.609211291666667,2.514935875,13.891666666666666,1002.8375,79.125,8.951666666666666
8.951666666666666,6.0,0.0,-1.963037125,2.2429830833333333,17.058333333333334,1007.6166666666668,61.16666666666666,18.792916666666667
18.792916666666667,6.0,1.0,-1.6687463333333332,0.0250701666666666,19.2375,1005.5166666666668,60.41666666666666,10.687083333333334
10.687083333333334,6.0,2.0,0.1203467916666666,2.723776041666667,19.85,1006.6291666666666,57.91666666666666,8.6
8.6,6.0,3.0,2.3467189166666667,-0.8714213333333333,21.70833333333333,1008.45,48.75,16.49
16.49,6.0,4.0,3.331236833333333,-1.5197572916666668,24.254166666666663,1007.2625,53.583333333333336,20.447916666666668
20.447916666666668,6.0,5.0,2.228052583333333,-1.838184125,25.370833333333334,1005.0583333333334,57.833333333333336,17.6875
17.6875,6.0,6.0,2.7917966666666665,-1.9573531666666664,25.3125,1001.7708333333334,61.5,14.89375
14.89375,6.0,0.0,3.506355875,-1.9431565416666663,25.9625,997.6041666666666,57.41666666666666,21.42625
21.42625,6.0,1.0,1.392482166666667,-0.8227585833333334,24.804166666666664,997.6,71.25,24.642916666666665
24.642916666666665,6.0,2.0,-3.2784727916666667,1.22016075,23.329166666666666,1003.8708333333334,80.95833333333333,14.699166666666663
14.699166666666663,6.0,3.0,0.4590192916666666,-0.058160125,22.05,1003.6541666666668,81.91666666666667,20.5875
20.5875,6.0,4.0,-2.3521547083333334,0.4203543333333333,20.491666666666667,1002.2875,84.875,11.732083333333334
11.732083333333334,6.0,5.0,-0.866353,3.0280068750000004,20.758333333333333,1003.8833333333332,69.66666666666667,11.882083333333334
11.882083333333334,6.0,6.0,-2.6443003333333333,0.0284263333333333,20.65833333333333,1003.8916666666668,59.41666666666666,13.24375
13.24375,6.0,0.0,-2.6249125,0.37646375,21.166666666666668,1003.6833333333334,60.875,14.507083333333334
14.507083333333334,6.0,1.0,-0.7334797916666668,-0.6152632083333334,23.48333333333333,1000.2291666666666,54.958333333333336,18.45625
18.45625,6.0,2.0,-0.5161444583333333,-1.05156475,22.945833333333336,995.7041666666668,67.25,21.625416666666663
21.625416666666663,7.0,3.0,-3.10583525,0.1648302083333333,21.366666666666664,997.0583333333334,65.125,16.4525
16.4525,7.0,4.0,-4.459657333333333,1.255990125,18.320833333333333,998.9,80.45833333333333,15.4
15.4,7.0,5.0,-4.359996541666667,1.714604625,18.341666666666665,998.3083333333334,92.0,17.500833333333333
17.500833333333333,7.0,6.0,-2.2345658333333334,0.6178333333333333,18.58333333333333,998.175,92.29166666666669,13.621666666666668
13.621666666666668,7.0,0.0,-0.56629175,-0.7275543333333333,21.120833333333334,997.5833333333334,80.20833333333333,13.502083333333331
13.502083333333331,7.0,1.0,-0.8744855833333333,-0.4919010833333333,23.475,1000.9625,63.5,22.539583333333336
22.539583333333336,7.0,2.0,2.623201416666667,-1.9649007916666663,25.941666666666663,1003.7458333333334,61.79166666666666,9.08875
9.08875,7.0,3.0,-0.28050025,-0.4198714166666666,23.5625,1006.8833333333332,81.25,17.58125
17.58125,7.0,4.0,1.9753089166666669,-0.3827997916666666,23.79583333333333,1003.7916666666666,78.29166666666667,14.999166666666667
14.999166666666667,7.0,5.0,-1.6405110833333332,-0.4328615833333333,18.991666666666667,1005.6083333333332,81.5,14.2175
14.2175,7.0,6.0,1.473868875,1.0148415416666663,21.40416666666667,1005.675,73.91666666666667,19.095
19.095,7.0,0.0,1.063049375,-0.349099375,23.375,1001.9708333333332,76.70833333333333,15.252916666666666
15.252916666666666,7.0,1.0,1.7611109166666663,-0.5670059583333333,22.15416666666667,999.7541666666666,79.75,22.136666666666667
22.136666666666667,7.0,2.0,1.4221687083333334,-0.4240990833333333,26.191666666666663,998.4041666666668,72.125,13.11375
13.11375,7.0,3.0,-0.912058875,1.0807033333333331,23.77083333333333,1000.4208333333332,73.41666666666667,13.877916666666666
13.877916666666666,7.0,4.0,-2.067087041666667,1.4782471666666666,22.45833333333333,1001.8166666666666,82.41666666666667,16.375416666666666
16.375416666666666,7.0,5.0,-1.9385110833333328,1.3260045833333334,24.28333333333333,1001.4625,77.08333333333333,13.266666666666666
13.266666666666666,7.0,6.0,-3.1083000833333334,1.372560125,23.354166666666668,1000.7416666666668,76.95833333333333,13.640416666666669
13.640416666666669,7.0,0.0,-2.884111958333333,2.3176870833333334,20.245833333333334,1002.4041666666668,65.70833333333333,10.353333333333332
10.353333333333332,7.0,1.0,-2.9115670833333334,1.0923327916666663,19.516666666666666,1002.5416666666666,68.33333333333333,10.96875
10.96875,7.0,2.0,-3.8717682083333336,1.0510406666666667,19.229166666666668,1005.9791666666666,69.75,10.545833333333333
10.545833333333333,7.0,3.0,-2.214548208333333,0.7764518333333333,19.416666666666668,1007.3833333333332,68.25,18.384166666666665
18.384166666666665,7.0,4.0,-1.540274666666667,-0.1966068333333333,20.591666666666665,1004.5083333333332,68.08333333333333,19.445416666666667
19.445416666666667,7.0,5.0,1.3977291666666665,-0.1459045833333333,21.725,1003.1208333333334,64.91666666666667,16.2175
16.2175,7.0,6.0,2.35205725,-1.558647,23.775,1001.6708333333332,59.79166666666666,15.890833333333331
15.890833333333331,7.0,0.0,2.328502958333333,-1.1994028333333333,21.379166666666663,1000.0791666666668,80.91666666666667,21.1475
21.1475,7.0,1.0,-0.9896614166666668,-0.5959905,22.525,1000.0666666666666,81.29166666666667,15.45875
15.45875,7.0,2.0,0.3664825,-0.8099072916666668,24.166666666666668,998.9125,69.08333333333333,13.231666666666667
13.231666666666667,7.0,3.0,-3.086177625,-0.49929025,21.95833333333333,998.1333333333332,70.45833333333333,13.350416666666668
13.350416666666668,7.0,4.0,-2.2898769166666666,-0.4438085416666666,21.5125,996.7541666666666,58.29166666666666,17.522727272727273
17.522727272727273,7.0,5.0,0.2138449166666666,-1.2003330416666669,21.1875,994.7916666666666,72.0,30.47
30.47,8.0,6.0,-0.6005590833333333,1.2715688333333333,18.820833333333333,994.8791666666666,73.79166666666667,17.841666666666665
17.841666666666665,8.0,0.0,-3.6514934166666655,-0.085634875,17.6375,996.0916666666668,80.08333333333333,13.169166666666667
13.169166666666667,8.0,1.0,-1.3916365,-1.3410528333333334,18.579166666666666,1001.575,65.54166666666667,14.519166666666663
14.519166666666663,8.0,2.0,-0.0211289166666666,-0.3979439166666667,16.245833333333334,1001.7625,89.08333333333333,12.046666666666669
12.046666666666669,8.0,3.0,2.8050712916666662,2.175468083333333,15.9125,997.1083333333332,90.08333333333331,16.1775
16.1775,8.0,4.0,-3.124528833333333,3.4067242916666665,14.341666666666669,987.6291666666666,96.08333333333331,24.99708333333333
24.99708333333333,8.0,5.0,-2.226202875,-1.0961969583333333,19.02083333333333,994.7583333333332,73.41666666666667,11.323333333333332
11.323333333333332,8.0,6.0,-0.399526625,-1.497815041666667,19.654166666666665,998.95,78.66666666666667,27.46875
27.46875,8.0,0.0,-1.7998236666666667,-0.3377620416666667,20.03333333333333,1006.0625,67.66666666666667,14.777083333333332
14.777083333333332,8.0,1.0,1.209189375,-0.3623257916666667,17.933333333333334,1005.2791666666668,82.0,9.296666666666669
9.296666666666669,8.0,2.0,-3.3039125,0.6319265416666666,18.2875,1004.5916666666668,77.20833333333333,21.114166666666662
21.114166666666662,8.0,3.0,-2.89941475,0.2212674166666667,18.1875,1009.0333333333332,71.20833333333333,16.135833333333334
16.135833333333334,8.0,4.0,0.769614625,-1.506859625,20.154166666666665,1009.6625,67.0,22.883333333333336
22.883333333333336,8.0,5.0,-1.2396029166666669,-0.66254875,21.9875,1005.2666666666668,71.625,14.572916666666666
14.572916666666666,8.0,6.0,-1.4750280416666666,-0.0855802083333333,21.791666666666668,1001.2916666666666,68.41666666666667,17.53625
17.53625,8.0,0.0,0.4278160416666667,-1.805949375,21.34583333333333,995.6041666666666,77.58333333333333,10.5575
10.5575,8.0,1.0,-3.1691762916666666,-1.2238486666666668,16.158333333333335,997.5791666666668,77.41666666666667,10.753749999999998
10.753749999999998,8.0,2.0,-2.2975750416666667,-1.4117221666666666,16.224999999999998,999.4583333333334,67.95833333333333,11.80125
11.80125,8.0,3.0,-1.80422325,-1.3159695,18.1375,999.4833333333332,70.66666666666667,13.84875
13.84875,8.0,4.0,-1.6486275416666667,-1.2460293333333332,18.08333333333333,1003.2125,79.91666666666667,13.889166666666666
13.889166666666666,8.0,5.0,-2.568124083333333,-0.116738625,16.825,1006.2625,81.08333333333333,11.539583333333333
11.539583333333333,8.0,6.0,1.7784112083333332,-1.167619125,17.266666666666666,1006.2583333333332,78.29166666666667,10.919166666666667
10.919166666666667,8.0,0.0,4.062364791666666,1.83965975,16.583333333333332,1004.9541666666668,86.41666666666667,7.761666666666667
7.761666666666667,8.0,1.0,0.0650947916666666,4.771726166666666,13.95,1008.4375,79.20833333333333,11.30125
11.30125,8.0,2.0,-1.4751087916666668,-0.4022992916666667,12.416666666666666,1003.85,76.70833333333333,10.294583333333334
10.294583333333334,8.0,3.0,0.0890335833333333,-1.756082875,13.554166666666667,993.4166666666666,91.04166666666669,17.177083333333332
17.177083333333332,8.0,4.0,0.1186382916666666,0.2609597916666666,15.1,998.2541666666666,85.58333333333333,16.995416666666667
16.995416666666667,8.0,5.0,-1.906614375,-0.0879184583333333,14.629166666666668,1000.7666666666668,86.04166666666667,22.64583333333333
22.64583333333333,8.0,6.0,0.37942275,-0.6432320416666667,14.229166666666666,1000.5208333333334,85.45833333333333,21.547083333333333
21.547083333333333,8.0,0.0,0.1902881666666666,1.419185625,14.3875,997.9208333333332,92.625,11.15125
11.15125,8.0,1.0,0.5366906666666666,2.2627587916666667,15.879166666666668,996.5541666666668,85.04166666666667,40.55708333333333
40.55708333333333,9.0,2.0,-3.897170333333333,4.754818375,15.608333333333334,1004.1958333333332,78.95833333333333,35.93416666666666
35.93416666666666,9.0,3.0,-3.40692875,2.139290583333333,14.0,1009.1291666666666,73.66666666666667,21.31
21.31,9.0,4.0,-3.2517960833333333,0.4186443749999999,15.129166666666668,1005.05,72.25,20.45416666666667
20.45416666666667,9.0,5.0,-0.20831325,2.7481902916666665,12.833333333333334,1007.3541666666666,66.54166666666667,15.24375
15.24375,9.0,6.0,1.4196199166666668,1.3636778749999998,11.966666666666669,1013.75,64.54166666666667,15.37625
15.37625,9.0,0.0,0.8932725,-0.6786329583333334,11.770833333333334,1014.6208333333334,68.75,16.609583333333333
16.609583333333333,9.0,1.0,1.524522375,-1.0673146666666666,14.329166666666666,1012.225,69.08333333333333,11.748333333333331
11.748333333333331,9.0,2.0,0.700917875,-1.1271019166666667,16.520833333333332,1010.525,76.125,23.1475
23.1475,9.0,3.0,1.2464503333333334,-1.682340625,18.129166666666663,1006.3375,71.66666666666667,17.461666666666666
17.461666666666666,9.0,4.0,0.509889125,-1.5010248333333334,17.554166666666667,1004.5291666666668,69.29166666666667,15.367083333333332
15.367083333333332,9.0,5.0,0.8055652916666666,-1.299016875,18.204166666666666,1003.5875,72.75,19.03875
19.03875,9.0,6.0,-1.9158830833333331,-0.2390942083333333,18.6375,1002.5708333333332,85.66666666666667,18.615
18.615,9.0,0.0,-2.4337047916666665,0.21989475,17.283333333333335,1003.4333333333334,81.29166666666667,15.631428571428572
15.631428571428572,9.0,1.0,-0.7832612083333333,0.3512560416666666,15.8875,1006.4083333333332,82.5,20.850416666666668
20.850416666666668,9.0,2.0,1.3785986666666667,-1.1356975416666668,16.5125,1004.8166666666666,79.25,24.633333333333336
24.633333333333336,9.0,3.0,0.319378375,-1.1444923333333332,17.145833333333332,999.4,89.75,19.90458333333333
19.90458333333333,9.0,4.0,-3.210350875,0.1341846249999999,15.8125,997.0166666666668,89.875,8.372916666666667
8.372916666666667,9.0,5.0,-1.441296625,3.73307975,10.6625,997.8875,93.70833333333331,7.865416666666667
7.865416666666667,9.0,6.0,-2.5156775,4.1146415,8.841666666666667,1000.8416666666668,83.79166666666667,8.549999999999999
8.549999999999999,9.0,0.0,-2.7335622083333333,2.509546541666667,7.545833333333333,1005.3708333333334,79.75,12.976666666666668
12.976666666666668,9.0,1.0,-3.83994175,1.08972325,9.104166666666666,1009.7875,82.375,12.015416666666669
12.015416666666669,9.0,2.0,-2.647527125,2.463575833333333,10.095833333333331,1008.8375,78.625,18.957083333333333
18.957083333333333,9.0,3.0,-2.3881057916666664,-1.5287545833333331,12.9625,998.8958333333334,84.91666666666667,8.590526315789473
8.590526315789473,9.0,4.0,-6.746103541666667,-0.01949275,12.958333333333334,993.9208333333332,72.375,12.310833333333331
12.310833333333331,9.0,5.0,-3.6155499583333337,-0.6834092083333333,15.808333333333332,1001.5083333333332,84.375,11.774166666666666
11.774166666666666,9.0,6.0,0.65655975,0.1230258333333333,14.829166666666666,1008.9875,80.79166666666667,6.784166666666667
6.784166666666667,9.0,0.0,4.326570125,-0.3783867916666666,12.483333333333334,1009.5916666666668,77.04166666666667,6.939583333333334
6.939583333333334,9.0,1.0,3.587515625,-1.2292714166666667,10.475,1011.9708333333332,76.29166666666667,13.145
13.145,9.0,2.0,5.158960333333334,-1.971364375,11.608333333333334,1011.1916666666666,74.0,18.4775
18.4775,9.0,3.0,0.2483682083333333,-0.7805272916666667,10.575,1012.8,89.04166666666667,28.0225
28.0225,10.0,4.0,1.990532083333333,-1.0711159166666666,8.904166666666667,1014.6083333333332,89.83333333333333,78.71249999999999
78.71249999999999,10.0,5.0,2.20952275,-1.9873720833333333,12.104166666666666,1007.525,88.33333333333333,40.735
40.735,10.0,6.0,3.253721,-2.3836249166666668,12.8375,1005.5458333333332,82.625,30.77541666666667
30.77541666666667,10.0,0.0,2.9341395,-1.80531825,14.7625,1005.7083333333334,77.16666666666667,8.248333333333333
8.248333333333333,10.0,1.0,4.70767975,-3.1791533333333333,14.5625,1005.15,70.16666666666667,13.502916666666666
13.502916666666666,10.0,2.0,4.142324875,-2.771428666666667,13.4625,1007.8666666666668,63.875,13.082916666666668
13.082916666666668,10.0,3.0,4.979533208333334,-1.4463203333333334,10.095833333333331,1016.3291666666668,61.91666666666666,11.10625
11.10625,10.0,4.0,4.0504390416666665,-0.24268125,7.091666666666666,1022.425,61.66666666666666,20.395416666666662
20.395416666666662,10.0,5.0,2.2905085416666666,-0.068234625,7.541666666666667,1022.6458333333334,65.08333333333333,28.814444444444444
28.814444444444444,10.0,6.0,2.4460625,-0.68633675,7.145833333333333,1017.8875,62.5,31.595416666666665
31.595416666666665,10.0,0.0,-0.0712930416666666,-0.7982885416666666,7.570833333333333,1007.5791666666668,63.958333333333336,29.4425
29.4425,10.0,1.0,-2.4107805416666666,-0.3106977083333333,8.008333333333333,999.7333333333332,80.83333333333333,17.041666666666668
17.041666666666668,10.0,2.0,-2.932876625,-0.226299,6.8875,1003.6541666666668,87.70833333333333,17.986250000000002
17.986250000000002,10.0,3.0,-1.355048375,-1.5451335416666667,7.216666666666666,1007.3416666666668,81.16666666666667,12.964999999999998
12.964999999999998,10.0,4.0,-1.6782019583333332,-2.539737708333333,11.2875,1001.4875,81.16666666666667,14.789583333333333
14.789583333333333,10.0,5.0,-3.270192625,-1.0014332083333333,8.616666666666667,1005.8625,79.5,21.1575
21.1575,10.0,6.0,-1.248547291666667,-1.1296857083333334,8.208333333333334,1007.0958333333332,75.625,16.698333333333334
16.698333333333334,10.0,0.0,-2.9742644166666667,-0.2929436666666666,9.195833333333333,1009.5916666666668,81.25,16.56625
16.56625,10.0,1.0,1.4849348333333332,-1.025603875,10.0875,1009.9625,87.95833333333333,12.467083333333331
12.467083333333331,10.0,2.0,-0.482922375,-2.4069014166666665,14.691666666666668,997.9833333333332,72.375,14.270416666666668
14.270416666666668,10.0,3.0,-2.055905125,-3.000985583333333,13.925,987.3166666666666,62.54166666666666,5.912916666666667
5.912916666666667,10.0,4.0,-4.881041625,-2.3713463333333333,8.9625,994.825,62.833333333333336,6.603750000000001
6.603750000000001,10.0,5.0,-4.749195791666667,-1.1534624583333333,5.929166666666667,1005.9416666666666,83.91666666666667,20.322916666666668
20.322916666666668,10.0,6.0,-0.8388169583333333,-0.8962479583333334,4.0875,1018.2583333333332,91.29166666666669,21.94
21.94,10.0,0.0,2.0204065833333336,-1.878795,4.979166666666667,1012.8875,79.08333333333333,25.450416666666666
25.450416666666666,10.0,1.0,-0.9208185833333332,-1.30010675,7.587499999999999,1008.1375,75.20833333333333,20.50625
20.50625,10.0,2.0,-1.8621322083333331,-1.3168154166666668,11.245833333333332,1010.4541666666668,76.58333333333333,23.854166666666668
23.854166666666668,10.0,3.0,0.1633632916666666,-1.330170375,11.083333333333334,1011.8,81.0,39.46875
39.46875,10.0,4.0,2.4072247916666667,-1.801087916666667,9.125,1007.7416666666668,76.625,32.19416666666667
32.19416666666667,10.0,5.0,2.848641875,-1.7694887083333333,10.2125,1004.4125,65.91666666666667,24.23217391304348
24.23217391304348,10.0,6.0,1.853497416666667,-1.9308215,10.5,1002.7416666666668,65.0,30.86583333333333
30.86583333333333,11.0,0.0,3.3636534166666667,-1.9651079166666667,7.991666666666667,995.6458333333334,74.54166666666667,32.18541666666667
32.18541666666667,11.0,1.0,2.545444291666666,-1.6168821666666666,5.7375,990.8375,88.04166666666667,39.68739130434783
39.68739130434783,11.0,2.0,-0.0026104583333333,-1.3575715416666665,8.241666666666667,994.2208333333332,86.95833333333333,22.94666666666667
22.94666666666667,11.0,3.0,3.053835416666667,-2.3413122916666667,10.125,992.3083333333334,75.66666666666667,10.71625
10.71625,11.0,4.0,-2.4605414166666666,-2.4768617083333333,8.266666666666667,1002.1083333333332,74.625,15.470416666666669
15.470416666666669,11.0,5.0,-3.638459791666667,-1.6421926666666666,8.691666666666666,1010.3125,76.875,11.70125
11.70125,11.0,6.0,-1.490818625,-2.2784715833333333,6.845833333333334,1000.5541666666668,75.375,13.127083333333331
13.127083333333331,11.0,0.0,-3.298563833333333,-0.60033775,7.170833333333333,1003.325,89.41666666666667,23.62260869565217
23.62260869565217,11.0,1.0,1.278800375,0.0879482916666666,1.6875,1017.9,93.0,34.09375
34.09375,11.0,2.0,1.7643075,-1.626497208333333,3.4916666666666667,1016.125,88.16666666666667,38.3625
38.3625,11.0,3.0,-1.2017024583333331,-0.53056275,3.695833333333333,1010.3125,89.08333333333333,49.715
49.715,11.0,4.0,-0.941318125,-0.69287525,6.133333333333333,1009.5708333333332,95.95833333333331,36.026666666666664
36.026666666666664,11.0,5.0,3.463073083333333,-1.2355015833333334,5.608333333333333,1006.6416666666668,91.875,51.87416666666667
51.87416666666667,11.0,6.0,1.1417890833333333,0.5044114583333333,4.05,1011.2291666666666,95.41666666666669,26.062916666666663
26.062916666666663,11.0,0.0,3.877155583333333,0.1691161666666666,4.595833333333333,1018.75,92.91666666666669,40.592083333333335
40.592083333333335,11.0,1.0,2.210456875,-1.3358276666666666,4.408333333333333,1014.2125,90.45833333333331,40.308461538461536
40.308461538461536,11.0,2.0,1.093905583333333,-1.914219041666667,2.7583333333333333,1007.7541666666666,95.20833333333331,15.4025
15.4025,11.0,3.0,-4.3895030833333335,-1.5427916250000002,6.854166666666667,1006.9791666666666,84.45833333333333,7.06125
7.06125,11.0,4.0,-7.08327,-1.46103025,9.770833333333334,1001.175,92.75,7.670416666666667
7.670416666666667,11.0,5.0,-6.817727541666667,-0.1633226666666666,10.566666666666666,1001.3083333333334,77.125,16.535416666666666
16.535416666666666,11.0,6.0,-3.8824809166666663,-1.3369855,8.220833333333333,995.3208333333332,83.33333333333333,17.405416666666667
17.405416666666667,11.0,0.0,-1.5965515833333337,1.063098625,4.154166666666667,1004.7375,90.125,19.211666666666662
19.211666666666662,11.0,1.0,-3.488479125,-0.9343609166666668,2.658333333333333,1009.1625,92.95833333333331,19.38958333333333
19.38958333333333,11.0,2.0,-1.7273852916666668,-1.367642125,4.983333333333333,1008.6166666666668,92.58333333333331,29.8
29.8,11.0,3.0,0.0397895416666666,-1.799849625,3.65,998.4,81.04166666666667,31.258333333333336
31.258333333333336,11.0,4.0,0.6223190833333333,-0.4680943749999999,2.475,987.5291666666668,82.625,19.004166666666663
19.004166666666663,11.0,5.0,-1.6089580833333332,-0.5710784583333334,0.7916666666666666,982.0541666666668,93.5,37.14958333333333
37.14958333333333,11.0,6.0,2.1215231666666665,0.1866312916666666,1.9958333333333331,984.1625,92.83333333333331,12.692916666666669
12.692916666666669,11.0,0.0,-5.678001625,0.4336839583333333,1.4375,981.0916666666668,95.29166666666669,11.019583333333337
11.019583333333337,11.0,1.0,-3.838113291666666,-1.2654639166666666,1.2708333333333333,982.7333333333332,88.625,37.475
37.475,12.0,2.0,-0.6430383333333333,-1.5075075,1.6125,984.675,89.375,15.532916666666663
15.532916666666663,12.0,3.0,-3.5281945,-2.538177708333333,4.733333333333333,980.8375,67.0,19.468333333333334
19.468333333333334,12.0,4.0,-3.555544,-1.5442965,1.1416666666666666,993.3333333333334,71.20833333333333,19.117083333333333
19.117083333333333,12.0,5.0,1.0091967916666666,-2.0042945,-0.4375,992.95,76.5,9.8575
9.8575,12.0,6.0,2.781276416666667,0.54932625,-1.1625,993.2041666666668,89.875,17.47041666666667
17.47041666666667,12.0,0.0,0.9667339583333332,3.213662583333333,-0.8291666666666666,998.6416666666668,93.58333333333331,16.030416666666667
16.030416666666667,12.0,1.0,2.304592,1.810073625,-3.454166666666667,1002.9791666666666,85.875,14.72
14.72,12.0,2.0,4.751649916666667,-0.2114185833333333,-5.441666666666666,1001.7791666666668,82.625,23.957916666666662
23.957916666666662,12.0,3.0,5.468159249999999,-0.7228802499999999,-3.1166666666666667,997.6208333333334,89.20833333333333,22.314166666666665
22.314166666666665,12.0,4.0,2.4002545416666665,-1.386105125,0.2791666666666667,991.7833333333332,95.29166666666669,46.64791666666667
46.64791666666667,12.0,5.0,-0.4252437083333333,-0.073767125,-0.5125000000000001,1001.1791666666668,97.33333333333331,63.584583333333335
63.584583333333335,12.0,6.0,-1.351251875,-0.436768625,-2.9791666666666665,1011.5291666666668,96.95833333333331,50.72
50.72,12.0,0.0,0.0249989583333333,-0.5342812083333334,-2.7291666666666665,1013.9375,96.91666666666669,44.465
44.465,12.0,1.0,0.9571575,-1.307262,-2.629166666666667,1013.8166666666666,96.70833333333331,33.509166666666665
33.509166666666665,12.0,2.0,-2.399095208333333,-0.8089157083333333,3.675,1014.3833333333332,99.0,16.651666666666667
16.651666666666667,12.0,3.0,-5.2398209583333335,-0.115386375,6.0625,1013.4,92.66666666666669,10.33375
10.33375,12.0,4.0,-5.67880425,1.689096,3.625,1014.5958333333332,86.04166666666667,14.7675
14.7675,12.0,5.0,-5.26965375,-0.1999232916666666,2.375,1013.9375,93.45833333333331,4.8966666666666665
4.8966666666666665,12.0,6.0,-6.6528863750000005,0.9445460416666666,3.7083333333333335,997.8,88.54166666666667,7.315
7.315,12.0,0.0,-4.660675208333333,2.695697458333333,-1.1375,1001.375,78.625,17.88375
17.88375,12.0,1.0,-2.646066166666667,0.595644,-4.075,1009.775,76.58333333333333,27.227500000000003
27.227500000000003,12.0,2.0,-1.8880178333333333,-0.3526692083333334,-3.908333333333333,1013.5375,87.58333333333333,39.79708333333333
39.79708333333333,12.0,3.0,1.008893875,-2.177525,-3.4166666666666665,1002.6416666666668,77.79166666666667,24.082083333333333
24.082083333333333,12.0,4.0,-2.626184208333333,-0.740940375,-0.4291666666666667,983.3833333333332,93.08333333333331,13.045
13.045,12.0,5.0,-4.368970875,-0.5011672916666666,-6.020833333333333,996.8,79.58333333333333,34.33708333333333
34.33708333333333,12.0,6.0,-1.87029425,-0.8930096666666666,-8.225,1003.075,86.5,54.0675
54.0675,12.0,0.0,3.6809980416666663,-0.5187154166666667,-9.870833333333334,1004.2833333333332,81.66666666666667,28.1825
28.1825,12.0,1.0,5.743422458333334,-2.43156925,-5.545833333333333,998.5125,81.41666666666667,40.446666666666665
40.446666666666665,12.0,2.0,3.695867083333333,-1.8745032916666664,-2.466666666666667,995.5375,89.875,42.03833333333333
42.03833333333333,12.0,3.0,-0.2066904166666666,-1.164236625,2.8375,999.4541666666668,97.95833333333331,9.327916666666669
